{
  "collateral": "tax_credit",
  "n_samples": 2000,
  "n_features": 25,
  "train_size": 1600,
  "test_size": 400,
  "default_rate": 0.35,
  "rf": {
    "accuracy": 0.69,
    "auc": 0.7464560439560439,
    "classification_report": {
      "0": {
        "precision": 0.6899441340782123,
        "recall": 0.95,
        "f1-score": 0.7993527508090615,
        "support": 260.0
      },
      "1": {
        "precision": 0.6904761904761905,
        "recall": 0.20714285714285716,
        "f1-score": 0.31868131868131866,
        "support": 140.0
      },
      "accuracy": 0.69,
      "macro avg": {
        "precision": 0.6902101622772014,
        "recall": 0.5785714285714285,
        "f1-score": 0.5590170347451902,
        "support": 400.0
      },
      "weighted avg": {
        "precision": 0.6901303538175046,
        "recall": 0.69,
        "f1-score": 0.6311177495643515,
        "support": 400.0
      }
    }
  },
  "logit": {
    "accuracy": 0.765,
    "auc": 0.8027197802197801,
    "classification_report": {
      "0": {
        "precision": 0.7804054054054054,
        "recall": 0.8884615384615384,
        "f1-score": 0.8309352517985612,
        "support": 260.0
      },
      "1": {
        "precision": 0.7211538461538461,
        "recall": 0.5357142857142857,
        "f1-score": 0.6147540983606558,
        "support": 140.0
      },
      "accuracy": 0.765,
      "macro avg": {
        "precision": 0.7507796257796258,
        "recall": 0.712087912087912,
        "f1-score": 0.7228446750796085,
        "support": 400.0
      },
      "weighted avg": {
        "precision": 0.7596673596673597,
        "recall": 0.765,
        "f1-score": 0.7552718480952944,
        "support": 400.0
      }
    }
  }
}